Manufacturer,Model
megaSun / KBL,K11 Air Select
megaSun / KBL,K11 Air
megaSun / KBL,K9S
megaSun / KBL,P9S
megaSun / KBL,P9
megaSun / KBL,K7S
megaSun / KBL,K6S
megaSun / KBL,K7
megaSun / KBL,K6
megaSun / KBL,K5
megaSun / KBL,A6S
megaSun / KBL,A6
megaSun / KBL,A5
megaSun / KBL,T9
megaSun / KBL,8000
megaSun / KBL,7800
megaSun / KBL,7000
megaSun / KBL,6000 Series
megaSun / KBL,4000
megaSun / KBL,pureEnergy 5.0
megaSun / KBL,smartSun
megaSun / KBL,hybridSun
megaSun / KBL,Optima
megaSun / KBL,space 3000
megaSun / KBL,space 2000
Ergoline,Elements
Ergoline,Prestige Edge Dynamic LED
Ergoline,Prestige Edge
Ergoline,Spectra Sun Angel
Ergoline,Vitality Fusion 50
Ergoline,Vitality UV 50
Ergoline,Vitality UV 46
Ergoline,Vitality Hybrid 50
Ergoline,Vitality Hybrid 46
Ergoline,Vitality Balance
Ergoline,Spirit
Ergoline,Pulse Pure Light
Ergoline,Sunrise 7200 LED
Ergoline,Sunrise 7200
Ergoline,Sunrise 6200
Ergoline,Essence 48
Ergoline,Essence 440
Ergoline,Prestige Fusion Spectra
Ergoline,Prestige Bluevision Spectra
Ergoline,Prestige Lightvision Spectra
Ergoline,Prestige Bluevision
Ergoline,Prestige Lightvision
Ergoline,Inspiration 600
Ergoline,Inspiration 550
Ergoline,Inspiration 500
Ergoline,Inspiration 500 SLP
Ergoline,Balance 770+
Ergoline,Balance 700
Ergoline,Affinity 990+
Luxura,Jewel EQ45
Luxura,Vegaz 9200
Luxura,Vegaz 8200
Luxura,X7
Luxura,X5
Luxura,X3
Luxura,V8
Luxura,V6
Ultrasun,Q18
Ultrasun,Q16
Ultrasun,Q14
Ultrasun,Q10
Ultrasun,Q6
Ultrasun,i9
Ultrasun,i8
Alisun,SunVision V 200 XXL
Alisun,SunVision V Compact XL
Alisun,SunVision 466 XXL
Alisun,SunVision 444 XXL
Alisun,SunVision 433 XXL
Alisun,SunVision 422 XXL
Alisun,Salsa 12
Alisun,Salsa 12 Duo Tan
Alisun,Salsa 10
Alisun,1000
Alisun,900 CB
Alisun,1200
Alisun,1600
Alisun,1900 CB
Alisun,2600X
Alisun,500 Series
Alisun,800
Alisun,Desire
Custom,Custom Machine
