Manufacturer,Model,ImageFile
megaSun / KBL,K11 Air Select,megasun-kbl-k11-air-select.png
megaSun / KBL,K11 Air,megasun-kbl-k11-air.png
megaSun / KBL,K9S,megasun-kbl-k9s.png
megaSun / KBL,P9S,megasun-kbl-p9s.png
megaSun / KBL,P9,megasun-kbl-p9.png
megaSun / KBL,K7S,megasun-kbl-k7s.png
megaSun / KBL,K6S,megasun-kbl-k6s.png
megaSun / KBL,K7,megasun-kbl-k7.png
megaSun / KBL,K6,megasun-kbl-k6.png
megaSun / KBL,K5,megasun-kbl-k5.png
megaSun / KBL,A6S,megasun-kbl-a6s.png
megaSun / KBL,A6,megasun-kbl-a6.png
megaSun / KBL,A5,megasun-kbl-a5.png
megaSun / KBL,T9,megasun-kbl-t9.png
megaSun / KBL,8000,megasun-kbl-8000.png
megaSun / KBL,7800,megasun-kbl-7800.png
megaSun / KBL,7000,megasun-kbl-7000.png
megaSun / KBL,6000 Series,megasun-kbl-6000-series.png
megaSun / KBL,4000,megasun-kbl-4000.png
megaSun / KBL,pureEnergy 5.0,megasun-kbl-pureenergy-5-0.png
megaSun / KBL,smartSun,megasun-kbl-smartsun.png
megaSun / KBL,hybridSun,megasun-kbl-hybridsun.png
megaSun / KBL,Optima,megasun-kbl-optima.png
megaSun / KBL,space 3000,megasun-kbl-space-3000.png
megaSun / KBL,space 2000,megasun-kbl-space-2000.png
Ergoline,Elements,ergoline-elements.png
Ergoline,Prestige Edge Dynamic LED,ergoline-prestige-edge-dynamic-led.png
Ergoline,Prestige Edge,ergoline-prestige-edge.png
Ergoline,Spectra Sun Angel,ergoline-spectra-sun-angel.png
Ergoline,Vitality Fusion 50,ergoline-vitality-fusion-50.png
Ergoline,Vitality UV 50,ergoline-vitality-uv-50.png
Ergoline,Vitality UV 46,ergoline-vitality-uv-46.png
Ergoline,Vitality Hybrid 50,ergoline-vitality-hybrid-50.png
Ergoline,Vitality Hybrid 46,ergoline-vitality-hybrid-46.png
Ergoline,Vitality Balance,ergoline-vitality-balance.png
Ergoline,Spirit,ergoline-spirit.png
Ergoline,Pulse Pure Light,ergoline-pulse-pure-light.png
Ergoline,Sunrise 7200 LED,ergoline-sunrise-7200-led.png
Ergoline,Sunrise 7200,ergoline-sunrise-7200.png
Ergoline,Sunrise 6200,ergoline-sunrise-6200.png
Ergoline,Essence 48,ergoline-essence-48.png
Ergoline,Essence 440,ergoline-essence-440.png
Ergoline,Prestige Fusion Spectra,ergoline-prestige-fusion-spectra.png
Ergoline,Prestige Bluevision Spectra,ergoline-prestige-bluevision-spectra.png
Ergoline,Prestige Lightvision Spectra,ergoline-prestige-lightvision-spectra.png
Ergoline,Prestige Bluevision,ergoline-prestige-bluevision.png
Ergoline,Prestige Lightvision,ergoline-prestige-lightvision.png
Ergoline,Inspiration 600,ergoline-inspiration-600.png
Ergoline,Inspiration 550,ergoline-inspiration-550.png
Ergoline,Inspiration 500,ergoline-inspiration-500.png
Ergoline,Inspiration 500 SLP,ergoline-inspiration-500-slp.png
Ergoline,Balance 770+,ergoline-balance-770-plus.png
Ergoline,Balance 700,ergoline-balance-700.png
Ergoline,Affinity 990+,ergoline-affinity-990-plus.png
Luxura,Jewel EQ45,luxura-jewel-eq45.png
Luxura,Vegaz 9200,luxura-vegaz-9200.png
Luxura,Vegaz 8200,luxura-vegaz-8200.png
Luxura,X7,luxura-x7.png
Luxura,X5,luxura-x5.png
Luxura,X3,luxura-x3.png
Luxura,V8,luxura-v8.png
Luxura,V6,luxura-v6.png
Ultrasun,Q18,ultrasun-q18.png
Ultrasun,Q16,ultrasun-q16.png
Ultrasun,Q14,ultrasun-q14.png
Ultrasun,Q10,ultrasun-q10.png
Ultrasun,Q6,ultrasun-q6.png
Ultrasun,i9,ultrasun-i9.png
Ultrasun,i8,ultrasun-i8.png
Alisun,SunVision V 200 XXL,alisun-sunvision-v-200-xxl.png
Alisun,SunVision V Compact XL,alisun-sunvision-v-compact-xl.png
Alisun,SunVision 466 XXL,alisun-sunvision-466-xxl.png
Alisun,SunVision 444 XXL,alisun-sunvision-444-xxl.png
Alisun,SunVision 433 XXL,alisun-sunvision-433-xxl.png
Alisun,SunVision 422 XXL,alisun-sunvision-422-xxl.png
Alisun,Salsa 12,alisun-salsa-12.png
Alisun,Salsa 12 Duo Tan,alisun-salsa-12-duo-tan.png
Alisun,Salsa 10,alisun-salsa-10.png
Alisun,1000,alisun-1000.png
Alisun,900 CB,alisun-900-cb.png
Alisun,1200,alisun-1200.png
Alisun,1600,alisun-1600.png
Alisun,1900 CB,alisun-1900-cb.png
Alisun,2600X,alisun-2600x.png
Alisun,500 Series,alisun-500-series.png
Alisun,800,alisun-800.png
Alisun,Desire,alisun-desire.png
Custom,Custom Machine,custom-machine.png
